emp_id,name,department_id,salary,hire_date,email,phone_number
1,Teresa Barber,1,80136,2024-03-20,helendaugherty@gmail.com,507.499.2806
2,Laura Keller,4,119513,2017-07-07,coxpatrick@williams-cruz.info,+1-047-141-4682
3,Ashley Castillo,4,113679,2022-07-08,wallmichelle@yahoo.com,034-870-9107x4995
4,Juan Calderon DVM,9,60692,2022-08-25,rfrazier@wright-bell.info,(544)444-1571
5,Gregory Smith,6,97612,2019-09-10,jaguilar@hotmail.com,518.195.8453x6488
6,Steven Lucero,6,82621,2022-08-11,jennifer87@hotmail.com,745-759-1142
7,Matthew Gill,7,78316,2018-06-17,lbird@hotmail.com,011-726-8510x91008
8,Nancy Bradford,6,105790,2020-05-10,baguirre@williams.com,092-947-4588
9,Michael Andersen,1,48827,2015-11-13,rgilbert@farmer.com,001-761-543-1664x749
10,David Jones,7,91207,2017-10-05,powelljonathan@pineda.net,001-163-634-7600x24650
11,Danielle Soto,2,56558,2019-05-16,eric71@yahoo.com,430.090.1077x4013
12,Nathaniel Warner,4,93341,2019-04-20,qcarr@hotmail.com,(144)890-8643x2865
13,Veronica Shaw,7,44523,2018-05-05,anthony65@bonilla-lee.net,385.782.7854x85579
14,Jennifer James,7,100747,2019-12-25,tarapeterson@jackson.com,311-878-6779x87870
15,Charlene Owens,8,69022,2021-08-31,gordoncastillo@yahoo.com,(984)736-3884x200
16,Kristen Morrison,4,59354,2016-07-06,steven46@yahoo.com,423-206-1483
17,Marilyn Hill,4,91958,2023-02-12,robinsonchristine@robinson.com,+1-149-190-0355x58737
18,Lance Wilson,9,85763,2015-08-29,benjamin13@yahoo.com,521.590.9416
19,Lauren Ramos,9,89560,2021-09-20,jamesneal@contreras.com,489.293.8013
20,Frank Jones,4,75116,2015-05-28,williamsangela@garcia.com,001-523-800-7424x09725
21,Katrina Lopez,8,54850,2024-12-17,shepardsuzanne@yahoo.com,321.117.0805
22,Latoya Diaz MD,9,54227,2018-07-02,david87@yahoo.com,001-374-902-8918x5253
23,Christopher Wilson,5,40697,2016-03-27,daniel61@walker-parker.com,+1-116-854-3944x3931
24,Stephanie Knight,1,60990,2018-08-28,gchaney@johnson.com,518.960.9274x54300
25,Felicia Nguyen,7,73624,2019-02-26,amberhall@gmail.com,072-308-9334x393
26,Cassidy Spears,1,61098,2016-01-16,eklein@sullivan.org,001-628-893-6233x874
27,John Thompson,8,96706,2022-08-25,atkinsmichelle@hotmail.com,718-019-7469
28,Troy Price,6,84430,2023-10-11,johnny19@yahoo.com,(308)103-4223x22647
29,Philip King,3,48661,2021-12-03,ryan88@rodriguez-maddox.com,+1-409-256-9816x43628
30,Justin Romero,3,87656,2018-04-02,donna13@wilson.biz,(171)925-7387x08682
31,Keith Williams,2,112783,2016-12-09,stonetanya@white.info,001-904-971-6256x398
32,Christopher Conner,2,41388,2020-12-02,ernestthompson@gmail.com,3345057793
33,Laura Lewis,9,113073,2015-11-13,desiree91@hotmail.com,(667)273-8248x56214
34,Jonathan Williams,7,85043,2019-11-29,smithmonique@ellis.org,424.217.5863
35,Charles Wilson,6,41678,2017-04-04,debbie60@soto.info,972.186.8125x9666
36,Sandra Torres,5,47390,2024-04-20,kinglaura@hotmail.com,(071)239-3883x19148
37,Kayla Morales,3,96563,2022-04-30,richardjohns@johnson-lopez.com,001-985-726-3079
38,Jamie Woods,2,111383,2023-02-09,keith87@hotmail.com,(027)964-1324
39,Kenneth Wallace,8,94993,2022-11-07,olee@gmail.com,(417)803-8988
40,Erica Harding,4,46766,2016-08-19,michelle43@cooper.com,453.084.2587
41,Michael Cooper,4,107118,2016-04-29,pughalexis@hotmail.com,001-143-622-7735
42,Jennifer Horn,1,106625,2021-11-14,brian48@hotmail.com,+1-613-590-9825x27090
43,Douglas Landry,6,50226,2024-11-08,nmcconnell@yahoo.com,+1-537-003-6330x4896
44,Megan James,9,55999,2018-10-09,itate@richardson-smith.biz,001-010-829-8796x126
45,Kevin Davis,9,54624,2024-10-24,llopez@hotmail.com,+1-878-778-0654x3687
46,Gary Smith,2,111499,2019-10-31,michellecarter@rodriguez.com,(229)544-5076
47,Kenneth Smith,6,112139,2017-01-04,bflowers@gmail.com,293-781-2863x982
48,Stanley Ho,5,85866,2017-06-14,nmiller@horne.com,+1-683-005-2960x59070
49,Julian Edwards,5,74710,2020-04-02,danielmiller@yahoo.com,+1-215-638-6387x31733
50,Brian Webster,1,103670,2021-11-12,reynoldsdonald@adams.com,001-574-655-6032x610
51,Anita Taylor,9,95708,2019-09-07,murraywendy@johnson-henderson.com,+1-572-047-0323x97415
52,Joshua Wilson,5,118501,2022-11-13,aaguilar@williams-allen.net,428.861.7566x55889
53,Lori Quinn,4,105661,2015-04-29,alyssa16@munoz.org,178-173-8373x691
54,Melissa Jones,6,80842,2016-03-14,wlawson@hotmail.com,(023)771-9864
55,Cameron Brown,6,57003,2024-11-30,johnkeller@yahoo.com,127.157.1983
56,Chase Moran,6,63088,2021-04-01,christopherowens@patterson.net,+1-382-266-9192x76310
57,Richard Shepherd,2,42674,2023-09-09,sierra88@gonzalez.com,+1-024-497-8830x225
58,Juan Harris,2,83596,2015-05-17,swest@lawson-flowers.info,038-168-7250
59,Anthony Blair,8,76178,2018-09-15,bauercalvin@hotmail.com,(533)735-3704x724
60,Mathew Pittman,3,65481,2020-07-22,simsgregory@hotmail.com,001-925-653-7994x2816
61,Brittany Moreno,6,47866,2020-01-10,rebecca90@yahoo.com,884.436.3811x7064
62,Sharon Cook,1,60122,2023-06-23,bshelton@barker.org,(787)433-5445x905
63,Sarah Fernandez,2,105953,2016-01-10,amandaholder@gmail.com,(655)910-5827
64,Linda Smith,3,89907,2019-07-05,williamsheather@bond-martin.com,444.028.3870x019
65,Megan Rodriguez,1,56663,2024-11-15,maloneamy@pena.biz,259.450.7639x925
66,Anthony Greene,4,101622,2024-06-18,westpatrick@flowers.org,156-237-7377x861
67,Craig Dominguez,6,87785,2017-12-21,turnerjohn@yahoo.com,039.997.4345x9371
68,Alyssa Fitzgerald,8,73281,2018-10-24,jane63@morris-wright.com,719-260-7731x68685
69,James Gonzalez,8,76682,2022-02-07,eduardothompson@gmail.com,299-237-2913
70,Terry Mckay,8,63248,2019-06-15,nathanhobbs@gmail.com,025.608.0060x1070
71,Katherine Harris,9,55020,2019-06-25,agray@hunter.com,001-619-508-7399x551
72,Hector Scott,4,110522,2021-08-21,henry76@white.org,0912205510
73,David Rodriguez,9,82423,2021-07-08,thomascarlson@cole.net,(587)169-4843x43986
74,Seth Hernandez,7,87433,2015-05-20,timothywalker@harris-jimenez.biz,001-187-965-6299x61276
75,Miguel Kennedy,5,105505,2019-09-09,vherman@gmail.com,161-258-7759
76,Stuart Mills,8,89840,2019-04-29,michael59@macias.com,+1-835-449-4676x191
77,Heather Allen,6,98260,2017-06-22,rickyjoseph@zhang.net,754.773.9611x27433
78,Alex Huffman,6,53152,2020-09-03,peterholland@short.com,951.919.8260
79,Christine Velez,2,83048,2023-03-12,james22@yahoo.com,623.306.3309x131
80,Suzanne Parsons,1,86734,2016-09-10,rlane@knight.org,364-588-7630
81,Shannon Haney,6,76023,2023-05-01,zacharyturner@yahoo.com,001-497-127-3390x0283
82,Jennifer Stephens,4,59840,2017-09-10,morrisdavid@atkinson.com,778-846-7068x204
83,Andrew Alvarez,2,117673,2022-10-15,angelaodonnell@brock.net,007-988-6641
84,Briana Cervantes,3,48423,2017-12-28,melissa49@booth.com,001-962-904-9148x579
85,Kristin Sampson,4,41447,2020-02-13,hcarter@lewis-martinez.com,078.053.8802x34328
86,Rebecca Sullivan,6,68674,2016-06-14,lauratran@yahoo.com,4615329664
87,Michael Mclaughlin,6,54038,2020-08-31,eric81@hotmail.com,001-859-728-6265x978
88,Eric Thompson,6,86811,2018-09-18,jenniferholmes@rodriguez-valencia.com,266-498-1278x07537
89,Mark Hernandez,6,102432,2022-04-02,jacobmyers@hotmail.com,(382)086-7078x1252
90,Shannon Harris,8,112798,2023-04-15,nathan69@barajas-coffey.com,2177560282
91,Tim Richards,7,74034,2017-08-18,zjohnson@orr-shelton.com,955-363-4092
92,Arthur White,1,100970,2018-04-21,richardknox@barton-lucas.com,(615)052-3510x312
93,Daniel Wells,5,48162,2022-05-16,timothybeltran@johnson-wiley.biz,203.863.8691
94,Anna Mcclain,4,98880,2021-02-08,lrichardson@trujillo.net,(315)440-8574
95,Brandon Holt,8,75444,2021-02-18,oliverpatty@hotmail.com,200.430.1482x56093
96,Eric Ray,5,103357,2021-12-05,isanchez@gmail.com,255.009.6942
97,Roger Smith,6,40141,2018-09-03,kellerkathleen@hotmail.com,001-166-972-5477x515
98,Dennis Jones,5,63332,2018-04-26,katherinechoi@yahoo.com,+1-475-920-6673x09586
99,Ashley English,4,108409,2017-02-11,rsmith@hotmail.com,070-794-5991
100,Amber Rogers,9,111173,2023-01-08,cowandonald@lee.net,427-028-6495x66403
101,Randall Peterson,3,52630,2020-09-30,karismith@hotmail.com,+1-909-026-5326x20025
102,Taylor Vaughn,2,97300,2023-12-28,cgutierrez@gmail.com,+1-814-826-3082x031
103,Jeremy Dyer,2,46516,2018-04-15,lnelson@gross.com,560.910.7558
104,Carrie Lang,8,79438,2021-04-16,dlarsen@cox.com,4158520138
105,Wendy Nguyen,3,68837,2024-08-30,wsmith@yahoo.com,001-629-964-3791x699
106,Michael Perez,9,94620,2015-09-01,bentleynicholas@daniel.com,001-230-237-0618x009
107,David Wilkerson,9,108987,2023-10-30,jesselewis@cole.org,001-839-817-1269
108,Nicholas Gordon,9,57833,2016-03-10,odavis@williamson-williams.com,001-575-060-7869x8834
109,Lisa Mccormick,2,81208,2024-03-30,hsnow@williams.org,+1-777-645-6938x914
110,Eileen Schaefer,5,70415,2020-05-24,robert61@gmail.com,+1-386-352-6528
111,Julia Smith,1,90411,2025-01-23,xchung@mcguire.info,+1-379-368-0952x7026
112,Carlos Cohen,8,46498,2022-08-17,burtonjohn@moody.info,+1-441-003-5136
113,Dr. Shelley Meyers,6,50752,2016-12-09,johnlawrence@lee.com,(860)964-9194x91989
114,Ronnie Bryant,2,85837,2017-07-09,louisgriffith@yahoo.com,878.245.0062x5029
115,Dr. William Woodard,1,70438,2017-08-03,paulkoch@brock.info,001-713-987-0763
116,Jessica Hutchinson,9,89595,2024-10-18,james52@hotmail.com,+1-365-829-9609x15291
117,Mr. Brandon Allen Jr.,9,93774,2018-03-19,fsoto@yahoo.com,187-469-4494x503
118,Kimberly Pearson,4,112103,2015-06-06,annamoore@gmail.com,001-926-310-6108
119,Andrea Mitchell,1,117079,2018-07-03,elizabeth84@hotmail.com,(152)060-5176x130
120,Valerie Maddox,1,72183,2024-12-26,kyle45@gmail.com,001-419-068-9370x0716
121,Jillian Bryant,1,118272,2020-07-08,sydneymontoya@lopez-solis.com,602-469-1813x98165
122,Amanda Rodriguez,8,117910,2017-11-10,ttrevino@merritt.com,(444)597-6596x9670
123,Jennifer Andrews,1,68079,2023-02-11,julianray@thomas-moran.com,001-589-614-2497
124,Joseph Robinson,7,41951,2015-04-15,joshua49@hotmail.com,001-451-936-8751
125,Laura Young,8,62130,2022-10-09,reedelizabeth@gmail.com,322-574-2266
126,James Hicks,2,112269,2015-11-24,mollyortiz@davis.net,(753)518-0381x35088
127,Pedro Munoz,1,88526,2024-06-27,christopher00@yahoo.com,363-331-1885
128,William Brown,7,47730,2021-10-28,lindagibbs@moses.com,(822)526-5558x97200
129,Tracey Francis,8,71325,2022-03-04,paulkevin@dudley.info,396.628.8770
130,Kimberly Mccarthy,4,71895,2022-02-09,ryan53@leon-johnson.biz,8709958880
131,Marisa Mooney,3,98721,2022-01-30,davidmckay@williams.org,3618890797
132,James Turner,8,77260,2023-01-30,jonesmarc@benitez-williams.biz,+1-705-509-4462x6580
133,Adam Johnson,7,54904,2015-04-25,campbellrobert@yahoo.com,139-350-7409x15659
134,James Buck,3,64453,2016-01-05,mariahmartinez@patterson-mays.com,(787)300-1158x4636
135,Laura Meyers,2,63540,2023-10-30,zscott@cross.net,+1-091-686-3244x93851
136,Alejandra Evans,3,46918,2021-09-04,chrisharrington@harris-woods.com,115.642.3841
137,Joel Osborne,1,90826,2016-06-24,jonathanhill@lopez.org,(459)266-9277x68019
138,Nicholas Coleman,7,45106,2022-02-16,thomascamacho@barker.net,2960528270
139,Charles Vasquez,8,109675,2024-04-24,qholmes@gmail.com,(919)884-0208
140,Cynthia Black,2,75330,2020-06-14,sruiz@preston-wright.com,713.584.8827x25980
141,Robert Holloway,3,115347,2022-02-24,james35@gmail.com,8611766642
142,Glenda Meyer,3,79618,2020-08-30,tina23@hotmail.com,(038)670-0189x0775
143,Richard Reynolds,8,92427,2015-03-07,conradanita@hotmail.com,956-863-7712x9354
144,David Buchanan MD,1,71284,2024-06-10,timothy70@hotmail.com,234.903.6356
145,John Hart,3,52886,2023-01-20,johnsonvalerie@yahoo.com,+1-399-980-7942x92109
146,Jay Mills,4,110432,2023-05-28,bdavies@hotmail.com,(372)988-7463x6849
147,Alyssa Marks,3,105393,2024-04-10,andreaprice@yahoo.com,873.322.2805x8869
148,Jared Hood,9,116844,2020-10-06,lhorton@campbell.com,(774)486-8890
149,Jason Fischer,2,86885,2017-01-05,markwalters@hotmail.com,(887)653-1091x759
150,Donna Turner,6,86696,2020-11-27,harrismichelle@gmail.com,560.085.1028x081
151,David King,5,113262,2020-05-06,claytonterri@watkins.com,+1-541-782-0560
152,Jacob Espinoza,1,84555,2019-05-19,nathanielsnyder@peters.com,001-322-625-3868x0021
153,Nathan Mason,3,83091,2022-03-19,crawfordfrances@matthews.net,342.748.1902x94472
154,Curtis Nelson,4,56573,2016-03-18,megan53@yahoo.com,175-807-5522
155,Manuel Schneider,8,110462,2016-08-09,bnorman@gmail.com,(131)727-6972x435
156,Sharon Davis,5,54827,2016-10-05,troy64@yahoo.com,079-392-3811
157,Christine Stevens,1,102452,2017-01-02,xlamb@hotmail.com,001-124-895-9279x2947
158,Susan Howard,9,51845,2018-06-28,whiteheadangel@hotmail.com,619.756.8205x302
159,John Edwards,4,107758,2017-07-23,ygrant@white.biz,915-477-0397
160,Dennis Monroe,6,99983,2019-04-30,gilljoshua@barnett-sanford.net,1187918626
161,Elizabeth Armstrong,9,50874,2024-06-18,carolinehansen@sims.com,001-303-051-2480x5742
162,David Newton,8,76944,2020-01-29,mary00@gmail.com,591-423-6264x88200
163,Susan Zamora,4,79640,2023-04-29,gibbsbrandy@snyder.com,+1-509-299-7865x06284
164,Kenneth Rivas,8,43880,2023-01-14,rrussell@jackson-rosario.com,001-870-015-6562
165,David Patterson,1,102122,2021-08-30,keith28@hotmail.com,811.964.9281x763
166,Leah Haley,4,82242,2018-08-05,aaronrobinson@hotmail.com,555-264-7400
167,Bobby Oliver,4,74424,2017-12-13,rosejerry@romero.com,413.891.8595x826
168,Benjamin Jimenez,2,70879,2020-06-01,stephen56@yahoo.com,(701)204-6143
169,Gregory Ferguson,8,94008,2018-07-05,tonydaniels@gmail.com,(305)326-6031x580
170,John Jarvis,3,57038,2016-12-05,wilkinsonlindsey@hotmail.com,944-582-6674
171,William Brown,9,56233,2020-12-13,campbellandrew@bryant-hall.info,+1-347-014-1639
172,Brian Miller,7,65025,2022-08-10,rodriguezscott@yahoo.com,991-043-1682x484
173,Leslie Jefferson,5,90888,2024-05-21,jacqueline30@long.com,500-688-2658
174,Kristen White,4,69013,2018-06-15,bentleybobby@gmail.com,929.532.7118x1965
175,Lisa Smith DVM,8,111739,2024-05-13,philipyoung@grant.info,969-255-1702
176,Annette Chambers,8,78909,2019-01-30,uconner@garza-lewis.com,001-357-041-1590
177,Brittany Rush,2,43027,2016-02-01,fmckinney@dean.org,564.360.7414
178,Karen May,1,42009,2024-08-02,hgalvan@yahoo.com,001-884-457-3894x17262
179,Monica Rivera,1,65802,2018-08-20,hmitchell@hotmail.com,+1-012-163-7262x986
180,Parker Evans,1,111496,2016-02-17,goodwinrachel@yahoo.com,5438513235
181,Jonathan Buck,1,52180,2020-10-03,adamrodriguez@gmail.com,739.154.0405x822
182,Lisa Jones,4,47212,2017-11-20,heatherpena@yahoo.com,611.273.1891x735
183,Jonathan Pierce,5,67375,2022-04-15,craig36@yahoo.com,+1-997-315-9129x91741
184,Nicole Bell,5,60717,2023-08-07,leslie23@jenkins.com,781-993-8087x3657
185,Andrew Young,8,41072,2015-12-25,ashleybrennan@valencia-garcia.com,001-135-079-5465
186,Maria Stewart,7,90636,2023-12-18,allisonrogers@page.com,001-693-190-3305x0764
187,Stacy Booth,2,115619,2018-04-12,fgarcia@serrano.com,001-614-477-9512x519
188,Colin Johnson,4,83708,2019-02-12,dickersongeorge@graves-simmons.com,267.206.6904x43233
189,Rachel Brown,2,110051,2017-11-29,michael19@hotmail.com,+1-324-966-9732x0947
190,David Jones,2,40186,2016-08-29,arangel@graham-reid.com,001-002-532-2697x256
191,Maria Cisneros,7,44948,2023-06-19,kevinbrown@hill-gould.com,+1-075-992-6888x98059
192,Gabriel Scott,7,47088,2015-07-30,elizabeth63@hotmail.com,001-816-938-0377x1563
193,Jeffrey Nolan,6,63417,2024-09-09,elaine44@gmail.com,139-575-9894x308
194,David Kaufman,7,92341,2023-06-07,bennetttimothy@williams-hernandez.biz,0952632221
195,Joseph Figueroa,2,52423,2023-05-13,montgomeryanthony@gmail.com,179-883-8108x48244
196,Emily Green,2,106723,2023-09-30,quinnjoe@yahoo.com,7729637841
197,Mrs. Rachel Bishop MD,6,87649,2021-10-03,sarah84@higgins-levine.com,(947)249-5817
198,Suzanne West,8,89245,2016-06-16,pmorgan@roberts-bradley.info,754-033-0691x94083
199,Latoya Adkins,9,114994,2016-03-24,cooktheresa@waters.com,869-186-1903x9631
200,Jessica Brown,3,78072,2024-02-09,sarah85@arias-daniels.com,125.066.4481
201,Kelly Tucker,2,76830,2019-08-31,ihamilton@johnson.com,(299)913-4819
202,Scott Vargas,9,70438,2024-02-18,patrickharvey@smith.com,9254341159
203,Madison Taylor,7,57919,2017-09-28,edwardsantana@gmail.com,(519)731-9739x7596
204,Jesse Allen,9,69612,2021-10-07,zsmith@mcclain-munoz.com,113.790.9795x97508
205,Alexis Everett,3,113052,2018-06-11,andrea04@watson-gonzalez.com,+1-141-497-0886x4145
206,Destiny Mitchell,7,85107,2021-09-01,emma81@arias.info,537.830.9040x6559
207,Jeremy Owens,1,70189,2019-11-25,pamelacook@moreno.com,+1-550-250-3279
208,Alexander Johnson,1,60332,2023-02-24,starkmary@clay.net,(938)995-3286x653
209,Matthew Griffin,6,73696,2016-08-26,wmitchell@mason.com,001-010-167-8516x47858
210,Elizabeth Chandler,4,118046,2019-09-26,mpadilla@gmail.com,707.183.3005
211,Kimberly Adams,8,104335,2021-07-27,dtaylor@hotmail.com,(833)258-7513
212,Kenneth Walters,7,97195,2022-12-17,khampton@gmail.com,989-574-4363x19631
213,April Smith,5,56390,2015-11-29,whitesheila@hotmail.com,001-891-102-2458
214,Brianna Blair,4,62751,2023-07-14,lauren89@martinez-gilmore.info,892-997-9661x8704
215,Steven Robinson,8,81897,2019-06-14,nelsonlaura@sullivan-williams.net,506-962-4200x53202
216,David Porter,7,113269,2021-08-04,cynthia88@meza.com,9696588792
217,Angela Smith,7,79240,2020-02-19,jareddavenport@moore-carter.info,080-740-9482x243
218,Michael Vaughn,3,56382,2016-10-24,connormoreno@anderson.com,881-781-8988
219,Bob Maldonado,8,77899,2018-02-05,matthew40@stout.biz,001-506-821-3256x5210
220,Megan Charles,9,109253,2016-08-04,marcusharrington@yahoo.com,(135)823-3383
221,Melissa Hayes,5,78943,2017-09-14,agarcia@johnson.biz,(746)857-9554x84574
222,James Rice,2,64861,2019-12-17,hstevenson@yahoo.com,830-456-3656
223,Karen Cruz,1,96486,2019-05-11,randallkenneth@gmail.com,+1-937-289-5935x0152
224,Shannon Reynolds,9,54889,2015-03-23,david42@hotmail.com,655.596.0719x898
225,Kimberly Soto,1,64955,2018-08-13,dorothydavis@hotmail.com,(328)709-8835
226,Ryan Glover,3,83106,2021-03-27,hcarson@wiley-robertson.com,(006)164-5419x78318
227,Kara Jones,6,102126,2017-02-14,mallorylewis@rose-tyler.com,6251810718
228,Jessica Estrada,3,48280,2015-10-23,waltoncindy@gmail.com,561-008-2945x96420
229,Kristina Banks,9,62316,2018-10-15,robert92@hotmail.com,956.648.1475
230,Tonya Moore,5,46035,2024-07-24,jeffersonmarc@flowers.net,(046)597-9977x663
231,Mark Barrera DDS,4,68126,2020-09-26,berrymichelle@marsh.com,4001728158
232,Joseph Morton,7,44125,2019-08-15,joseph66@gmail.com,001-307-670-5591
233,James Morris,7,69419,2019-04-27,melissa15@smith.com,+1-873-543-9773x9499
234,Mathew Lopez,9,112783,2016-01-30,hinesjanet@hotmail.com,(824)570-6186x94033
235,Adrian Williams,1,48643,2023-10-16,gonzaleselizabeth@estrada.info,+1-839-876-7721x4430
236,Jacob Hudson,6,51685,2021-08-02,daviddickson@ray-erickson.com,0609420007
237,Tasha Greene,1,101983,2019-05-22,rtaylor@johnson.com,001-152-441-7375x314
238,Jesse Osborn,8,66063,2018-10-05,jennifer25@ayala.com,001-561-542-2889
239,Michael Martin,3,54041,2019-07-07,ryanshari@gmail.com,+1-535-361-3122x1113
240,Matthew Torres,5,83549,2024-12-02,debbie87@richardson-phelps.com,650-176-7972x71112
241,Shelby Rubio,6,43754,2024-01-30,xelliott@hanson-ingram.org,001-844-707-0589x548
242,Ryan Palmer,8,117281,2020-02-28,kathleenduke@yahoo.com,285-126-5740x71597
243,Juan Torres,2,65427,2019-11-18,rachel90@garcia.com,(461)369-5455
244,Thomas King,5,78873,2018-11-03,gordonderek@yahoo.com,(214)084-9065
245,Kirsten Perez,6,47387,2019-05-07,briannacampbell@rosario.com,001-985-738-0794x33616
246,Andrew Eaton,7,77192,2023-10-31,bryanhensley@davis.com,(470)316-9784x56690
247,Steve Lee,6,52544,2022-03-14,steven01@sanders.org,2930065959
248,David Lyons,7,44246,2015-03-07,ramirezrobert@gmail.com,(474)106-3353x4378
249,William Thomas,8,75918,2024-04-12,william76@huang-moore.biz,(195)902-6398x8992
250,Daniel Hurst,1,64179,2023-07-25,gina54@yahoo.com,028-291-5980
251,Melissa Gallagher,9,71703,2024-03-16,gregorywise@yahoo.com,708-329-6165
252,Shane Avila,6,79714,2022-03-06,robertmatthews@yahoo.com,066.760.3250x67946
253,Robert Foster,4,69694,2024-07-06,mbennett@hotmail.com,+1-046-170-8683x08861
254,Meghan Haley,9,117181,2015-08-04,mary14@hotmail.com,002.611.1383
255,Jacob Harris,1,119213,2016-11-08,johnsonbonnie@hotmail.com,545-527-0833
256,Caitlyn Carr,6,64577,2021-11-06,eadams@stone.net,(037)828-2811x93255
257,Jason Russell,7,46209,2020-07-25,andrewsandrew@murray-moses.com,082-266-3400x433
258,Jody Holland,6,101749,2017-10-27,melissa51@hotmail.com,001-959-861-9240x736
259,Lindsay Cook,7,66756,2015-07-30,james61@cline.biz,+1-879-721-8313x85364
260,Brandon Harris,3,89416,2020-05-16,jroy@wood-jones.com,(479)375-2593x445
261,Shannon Thomas,3,83297,2019-12-15,jonesstephen@hotmail.com,757-982-4874x2052
262,Debra Conley,1,48321,2022-04-04,hdaniel@phillips.net,818.166.0258x3113
263,Michael Stewart,1,96355,2024-12-13,smithjorge@winters.org,236-313-8021x186
264,Richard Mason,9,118849,2024-12-16,fwalker@yahoo.com,001-312-260-3414x1019
265,Mrs. Kayla Simon,2,60263,2015-05-03,charles20@gmail.com,065-286-4357x53710
266,Steven Wilson,5,40812,2024-04-04,brentliu@gmail.com,(245)927-9697x989
267,Diana Smith,1,98825,2022-03-26,juliegreer@white-reed.com,1787777949
268,Stuart Padilla,7,51263,2019-02-24,smithtina@henderson-dawson.com,(614)695-3527
269,Noah Montoya,2,69595,2017-12-10,heidi02@hotmail.com,(608)768-1055x739
270,Roy Carroll,1,115386,2022-11-08,leebenjamin@yahoo.com,001-009-622-7875x221
271,Angela Mckinney,4,92233,2020-09-26,julie83@phillips.com,356.411.8721x334
272,Gabriela Fields,5,88364,2023-01-26,melissa31@gmail.com,888-036-7562x95710
273,Lisa Barker,1,68947,2016-01-28,williamsonamanda@fields.com,9132958236
274,Brad Salazar,4,86021,2021-04-24,lauraadams@gmail.com,(887)230-5068x402
275,Jennifer Simon,9,90882,2023-02-18,sanchezamanda@morris.com,001-980-324-4083x633
276,Mary Bryant,1,94521,2017-08-13,ashley20@hotmail.com,+1-691-497-1351x8214
277,Mr. Devin Hammond MD,9,65959,2018-04-01,leecatherine@rich.com,001-324-481-4509x4692
278,Melissa Kelly,1,58871,2019-03-19,owensstephanie@gmail.com,(141)303-1437x123
279,Lori Walters,9,72222,2023-05-25,allenjerry@gmail.com,+1-849-974-2202x378
280,Robert Fleming,2,86448,2023-06-25,coreyfrazier@scott-patton.net,751.020.1636
281,Brittany Ward,4,74858,2023-01-31,rebeccataylor@donaldson-ayala.com,064.910.1997x2363
282,Donna Smith,9,112575,2019-10-21,zbarton@martinez.com,5349643805
283,Alyssa Parsons,6,53890,2018-04-10,lauramoore@rodriguez-walters.biz,450-141-8483x0481
284,James Pratt,8,114501,2024-11-16,campbellbrandon@lewis-cruz.com,001-084-739-1186x328
285,Debra Winters,5,106798,2021-07-01,qgallagher@wagner-acosta.com,+1-355-550-0018x12452
286,Ashley Fleming,6,72347,2024-03-31,barbaragarcia@melton.biz,+1-719-294-7558x344
287,Matthew Carlson,3,67527,2024-11-01,michaela72@hotmail.com,761-111-0756x0567
288,Denise Rosales,1,90371,2021-12-20,xlawson@bailey-anderson.net,+1-351-043-2778x8655
289,Robert Flynn,2,73797,2015-12-11,cramsey@yahoo.com,(894)275-5401x3664
290,Seth Baker,6,95433,2021-01-12,lopezrachel@yahoo.com,(441)005-3019
291,Jenna Brady,8,80562,2019-01-24,jeffreyshannon@gmail.com,768-497-5661x22964
292,Alexandra Tucker,5,82025,2020-01-30,peterscheyenne@brooks.com,001-170-112-3624x80792
293,Michelle Andersen,8,74572,2016-11-01,brandonbarrera@orr.com,(612)567-8878
294,Robert Turner,1,81358,2017-10-23,brianna92@yoder.com,(493)108-2833x6339
295,Carla Faulkner,4,62311,2021-04-23,cgarcia@mullins.com,8037563327
296,Nicole Little,2,41549,2017-06-17,andrewerickson@gmail.com,7151361284
297,Dylan Moore Jr.,3,97883,2017-10-14,morrisbrandi@gmail.com,+1-823-186-9538x48920
298,Ashley Lutz,1,83217,2016-04-11,gfarrell@gmail.com,789-663-6604x56749
299,Chase Rojas,6,106665,2021-01-08,ganderson@gmail.com,7571675580
300,Jimmy Evans,6,115748,2015-03-25,zbrown@gmail.com,991-533-2425x23825
301,Sandra Howard,8,51349,2022-09-03,littlelisa@yahoo.com,270-037-3023x99581
302,April Lawrence,4,82510,2015-12-08,amanda82@gmail.com,3657398492
303,David Pratt,3,116762,2016-12-16,fcarr@ramirez-mcneil.biz,581-266-3605
304,Brittany Ramirez,4,66843,2017-11-06,shawn48@pittman.com,135-476-6863
305,Tammy Flores,3,65182,2021-05-24,ckennedy@steele.biz,+1-378-547-5620x490
306,Erica Rios,7,91136,2015-12-07,griffinchristy@jones-benton.com,(636)718-0400x526
307,Diane Hernandez,4,114031,2022-12-16,richardnovak@reynolds.info,001-488-151-2937x667
308,Nicole Jennings,9,66729,2022-03-03,ambercrane@campbell-sanders.com,001-440-150-6260x1931
309,Nicole Washington,9,47803,2022-03-12,alexander42@reid-bell.com,(958)720-0828x9654
310,Jason Knight,2,46961,2022-01-17,heather63@carpenter-andrews.com,580-004-4356
311,Jacob Williams,7,91348,2018-03-08,garrisonashley@pitts.com,001-523-447-3093
312,Daniel Vasquez,1,74165,2016-08-06,xstephens@duffy.com,+1-981-714-7144
313,Alexandra Gonzalez,1,85278,2020-05-04,pgallagher@white.biz,749.404.5764x4022
314,John Jones,2,97769,2025-01-10,yfernandez@walker-wallace.com,001-506-110-5785x81430
315,Patricia Calhoun,8,90005,2018-03-10,gcarlson@smith-martin.info,(002)081-9970x208
316,Jose Estrada,5,95140,2015-03-01,courtney42@roberts-wang.biz,260.591.7470x6204
317,Michael George,8,118850,2016-02-14,carterkaitlyn@walker.com,+1-548-425-9863x46952
318,Christopher Klein,6,104866,2016-09-10,fishermichael@hotmail.com,128.079.1327x533
319,Valerie Bates,1,109819,2017-10-31,martinezjustin@carpenter-cole.org,+1-931-173-1741x20475
320,Casey Gilbert,6,98847,2017-08-07,melvin00@gmail.com,162-358-6590x305
321,Claudia Smith,2,61879,2017-05-22,spencerrobin@yahoo.com,250-470-1793
322,Richard Gilmore,3,111172,2023-01-26,samanthaellis@howard-gray.org,001-964-580-5486x894
323,Kaitlyn Wilson,7,107966,2018-04-20,louisewing@yahoo.com,+1-274-973-3496x87684
324,Mr. Charles Douglas,6,70296,2018-03-02,whiteerin@hotmail.com,916-356-3536x28161
325,Jeffrey Daniels,3,106791,2015-04-05,ballelizabeth@tucker.com,873.230.4550x5826
326,Robert Reeves,7,96947,2018-05-05,barbaradennis@garcia.com,218.357.3120x980
327,James Diaz,6,91801,2018-02-05,ppowell@gmail.com,(088)307-5206x508
328,Adam Davis,9,84227,2018-02-23,monicaforbes@yahoo.com,793.037.5612x55897
329,Christian Koch,9,62639,2015-07-08,williamsleslie@brady.com,(676)698-7987x001
330,Margaret Chambers,7,116686,2024-03-22,mcgeewanda@fuentes.com,550-363-9614
331,John Wolf,6,95396,2020-06-18,agriffin@yahoo.com,001-350-373-0756x7309
332,Jaime Brown,5,117131,2020-11-06,smithjennifer@norris.org,(185)937-2822x669
333,Shari Turner,7,113901,2015-12-03,buckleykathleen@yahoo.com,001-139-795-5903x22299
334,Courtney Baker,1,112290,2018-06-30,davisgina@hotmail.com,(080)628-7785x304
335,Catherine Krueger,9,70230,2017-02-08,morenobenjamin@king-johnson.com,251.645.7622x143
336,Alicia Hill,4,110951,2017-10-28,heathermcknight@hotmail.com,427.005.6455
337,Caroline King,7,117671,2020-11-05,mrobertson@gmail.com,+1-027-754-2265
338,Lisa Jordan,8,117759,2023-10-27,paulpatton@gmail.com,260.765.8201
339,James Craig,5,79255,2018-06-29,nreed@clark-lopez.biz,978-754-4281x8655
340,Colleen Hansen,3,108053,2021-01-16,juliejohnson@yahoo.com,+1-136-154-1796
341,Todd Smith,8,103352,2021-07-09,donnaacosta@rios.info,001-301-573-9306x3069
342,Matthew Gonzalez,6,79803,2017-09-14,pjames@yahoo.com,794.392.3395x909
343,Melissa Anderson,5,103279,2021-11-05,carla53@williams-williams.net,4322367509
344,Anthony Stewart,3,57598,2023-02-10,luis07@yahoo.com,(533)217-1158
345,Richard Jones,6,67694,2021-10-19,lauren95@hotmail.com,001-487-230-9782x4224
346,William Beltran,7,75672,2021-10-12,lori84@yahoo.com,258-887-3656x32263
347,Bryan Harper,9,92741,2023-12-19,heatherlam@patel.com,505-065-9022
348,Dr. Shawn Mclaughlin,6,117087,2021-08-27,ericaliu@owens.com,+1-648-287-7399x97986
349,Matthew Nelson,2,110459,2025-01-15,claudiaphillips@mayer.com,(610)299-4338
350,Stephanie Cooley,6,52329,2017-10-06,jonesricky@herring-miller.biz,001-565-598-0357x91853
351,Dillon Hampton,7,70707,2017-04-23,shane71@grant.biz,291-645-7212x7644
352,Jared Mckenzie,9,75547,2018-08-26,ramosashley@reyes.com,001-863-816-6372
353,Hannah Burns,3,114889,2018-03-12,nsalas@hotmail.com,203-360-7990x6402
354,Tyler Vazquez,6,59647,2022-04-04,crystallong@lee-gregory.info,+1-463-679-4430x864
355,Matthew Adams,7,115804,2024-10-12,pcarter@gmail.com,+1-952-500-5054x14306
356,Daniel Strong,5,42635,2018-07-29,rickygrant@david.org,001-683-932-7677
357,Tyler Hernandez,6,116632,2024-06-26,sherri13@gmail.com,166.462.3456x87688
358,David Campbell,5,109199,2017-08-26,clarkrobert@baker.net,+1-135-803-6497x20688
359,Sara Parks,2,75768,2023-05-10,ghenry@woods-davis.com,8755091921
360,Teresa Mcdaniel,2,45414,2020-12-01,james89@riddle-brown.net,001-153-870-1882
361,Logan Cole,6,96694,2015-09-23,cpeters@hotmail.com,+1-667-459-2600x4955
362,Cole Daniels,3,104467,2024-05-09,abigailsummers@richardson-williams.net,185.175.2870
363,George Grant Jr.,3,56341,2016-04-27,dicksonsusan@lane.com,+1-506-865-5806x75233
364,Theresa Mcmillan,9,63716,2023-08-15,melissa34@gmail.com,+1-231-676-5176x239
365,Tom Kramer,8,109920,2022-04-08,april23@short.com,964-894-0354x795
366,Emily Pham,7,40150,2024-12-23,tmckinney@oconnor.com,001-947-340-4425
367,Helen Stevens,5,91922,2019-09-02,catherine54@rivera.com,+1-251-167-9937x867
368,Brian Adkins,7,62218,2019-01-14,mandy94@delacruz-figueroa.biz,6538901148
369,Christina Mack,3,100322,2021-07-22,hortondiane@hotmail.com,2553023525
370,Lisa Davis,6,44421,2016-09-26,greenlisa@clark.com,(705)289-6652x7900
371,Adam Brown,4,116900,2021-07-24,michael98@hotmail.com,5028763897
372,Erika Morales,6,107481,2016-06-01,franciscobailey@gmail.com,001-264-952-4700x5398
373,Cynthia Wheeler,7,102437,2018-08-22,ocamacho@hotmail.com,+1-081-951-8858x9019
374,Jacqueline Graves,2,56684,2024-06-29,ebaker@hotmail.com,(653)731-8961x394
375,Gary Hanson,8,45663,2021-11-12,lopezkelly@clark.com,154.565.2347x9592
376,Jacqueline Gordon,9,66800,2018-09-09,william06@wilson.net,421.101.1994x2950
377,Todd Rivas,2,69797,2017-07-20,alanbrown@griffin.biz,475.460.9829x58838
378,Paula Peterson,4,79676,2022-05-15,jonathanrivers@keller.com,+1-726-788-0334x6587
379,Marisa Long,8,96172,2022-09-09,marcusbrewer@carter.org,(109)960-6834x6234
380,Chelsea Richardson,8,100719,2018-09-25,hernandezsean@gmail.com,636-515-3300
381,Anthony Curry MD,1,96197,2020-06-02,graydavid@hotmail.com,(630)408-2036
382,Carlos Ramos,8,41420,2023-11-12,hforbes@hotmail.com,577-965-7864x316
383,Marcus Keith,9,108522,2022-11-22,heathermills@miller.biz,314.095.0854
384,Grace Guerra,9,74472,2022-10-24,sawyerlauren@hotmail.com,943-216-3835x56531
385,Barbara Martin,9,91620,2021-06-06,padillacarol@carroll.org,+1-573-850-8597x222
386,Thomas Christensen,6,88383,2018-09-13,michael04@sellers-jones.net,001-046-324-0982x21494
387,Shawn Lee,1,48206,2017-08-12,moorejames@yahoo.com,001-282-629-4571x67360
388,Margaret Mcguire,9,41866,2022-06-25,ashley81@gmail.com,+1-344-617-9156x19261
389,Kevin Sexton,5,82273,2015-06-03,lindsay92@jones.com,680.603.4668x994
390,Timothy Lozano,6,67117,2019-02-21,karen37@gmail.com,004.459.2045x454
391,Caroline Lopez,2,87281,2017-07-17,morrowabigail@yahoo.com,537.288.6236x57610
392,Allison Caldwell,5,55128,2024-05-13,qbonilla@yahoo.com,+1-341-053-0001x80813
393,Veronica Gamble,7,115688,2016-12-27,austin99@hotmail.com,+1-395-575-7410x485
394,Katherine Aguilar,5,119713,2022-02-16,goldentravis@hotmail.com,(077)988-4474
395,Amber Martinez,8,82017,2019-04-21,chandlerjessica@hotmail.com,766-430-1719x2240
396,Latoya Sanchez,9,56541,2023-07-03,susangriffin@ball-foster.info,(078)169-3093
397,Lisa Wagner,1,95967,2018-10-26,james45@rosario.net,3372420164
398,Ashlee York,7,110825,2015-07-14,williamstaylor@rice.com,001-333-780-0559
399,Charles Wood PhD,2,71094,2022-10-15,kaylafleming@hotmail.com,019-606-1464x86471
400,Cathy Baker,5,116980,2018-04-27,uduncan@young-clark.com,556.246.4914x071
401,David Taylor,1,70203,2022-01-07,amandarichards@flores-johnson.com,543.435.9645x902
402,Edward Orozco,9,68561,2024-11-25,joebullock@hernandez.net,(362)314-8888
403,Lisa Mann,9,94404,2016-10-13,jchambers@hotmail.com,001-328-141-1008
404,Nicholas Travis,4,64556,2019-10-01,zacharyphillips@sanchez-garcia.com,+1-795-761-5277x637
405,Andrea Peterson,3,97578,2016-11-12,wjackson@green.com,001-795-910-6986x017
406,Nichole Cohen,7,102042,2023-01-23,jessica84@rodriguez.com,892-911-5508x7416
407,Joyce Hall,5,109102,2024-05-25,james76@garcia.com,(837)169-7515x2975
408,Stacey Watson,7,90691,2017-07-14,shawn51@moss.com,557.317.1641
409,William Jacobs,7,82938,2017-11-28,kiddamy@gmail.com,(281)364-7976x381
410,Jessica Williams,4,77925,2019-09-10,williamsanchez@hotmail.com,001-343-884-2981x406
411,Justin Perez,3,103089,2019-05-26,williamcarroll@richards-archer.com,001-270-435-7248
412,Alexander Newton,3,102533,2023-03-13,zhernandez@garcia.info,+1-229-948-3696x5631
413,Mrs. Beth Cannon,9,80247,2022-05-19,martinsean@yahoo.com,251.927.0884
414,Sarah Olson,5,107014,2020-09-16,fyoung@gmail.com,+1-884-360-4158x89001
415,Beverly Lewis,1,65230,2015-05-29,mitchelljulie@gmail.com,(487)252-6883
416,Christopher Morales,7,65175,2019-01-28,bgonzalez@hotmail.com,252-430-6105
417,Tammy Flowers,1,84538,2015-09-01,vfrancis@hotmail.com,(484)455-7984
418,Angela Bryant,3,117499,2022-07-16,emily28@rojas.info,231.386.0304
419,Tracy Anderson,3,103602,2021-10-17,pharris@atkinson.com,(047)211-3488x6219
420,Christopher Jackson,1,50389,2020-10-16,vargassheila@andrews-foster.com,001-051-720-2948x123
421,Jose Williamson,9,82731,2022-09-12,montgomerylisa@morales-miller.com,210-738-0088
422,Jordan Simmons,1,70163,2018-04-29,lopezchristopher@yahoo.com,001-952-081-5763x8110
423,Alicia Villanueva,5,119916,2020-06-28,jglover@burnett.com,348.702.4327
424,Manuel Moore,1,110035,2023-11-08,joseph58@eaton.com,(586)385-4114x012
425,Jacob Conner,2,40683,2021-08-08,jessicacharles@gmail.com,578.057.3777
426,Kenneth Perry,1,87034,2018-06-11,aprilalexander@yahoo.com,830-805-9182
427,Richard Coleman,4,65408,2020-04-09,kknight@yahoo.com,001-024-352-9333x67443
428,Brian Vasquez,2,59457,2019-10-20,heather60@west.org,685-889-1628
429,Michelle Neal,9,54115,2015-02-21,haleyhill@gmail.com,855-970-2106x99494
430,Dennis Hughes,4,100767,2016-03-11,nicolehernandez@gutierrez.info,569-302-6592x8012
431,Patricia Watkins,4,58941,2015-03-22,rdavis@butler.com,+1-307-989-3971x12131
432,Matthew Osborne,3,116854,2020-10-05,jake77@yahoo.com,(114)810-6270x099
433,Jessica Weber,4,52068,2022-09-06,johnsonjennifer@simmons-colon.com,560-497-8093x777
434,Stephanie Nelson,5,46991,2017-03-22,scottatkins@yahoo.com,135.110.0885
435,Julie Zuniga,4,88325,2016-01-11,lisa50@yahoo.com,077-488-8864x155
436,Ashley Turner,9,98561,2016-11-22,tracy36@leblanc-watts.com,130-217-7945x6111
437,Andrew Hoffman,3,99639,2025-01-02,evelyn94@torres.com,654-827-8451x241
438,Brian Galloway,9,50180,2023-02-26,mistyking@yahoo.com,087-696-4492
439,Paul Dennis,3,75949,2015-07-02,jballard@camacho.biz,(323)037-8057x2255
440,Patricia Peterson,5,66622,2018-02-11,cwood@hotmail.com,001-717-470-3321x60161
441,Kathleen Boyd,7,87109,2016-09-13,wellskim@yahoo.com,793.550.4720
442,Derrick Blanchard,1,113314,2018-03-21,markmorgan@hotmail.com,(483)254-8504x130
443,Patrick Trujillo DDS,4,96480,2020-07-25,katherine75@ortiz-atkinson.com,(236)482-8002
444,Elizabeth Elliott,9,55581,2022-10-27,fwiley@miller-perez.com,+1-355-262-7543x91287
445,Teresa Chambers,8,79796,2019-04-27,pottsrichard@weiss-cox.com,2577478069
446,Ashley Morales,4,89358,2017-02-21,wagnerkimberly@gmail.com,034-599-2944x9709
447,Alexander Meyer,5,43176,2016-11-16,ashley59@yahoo.com,352.812.5615x9813
448,Sara Jordan,8,80683,2020-11-02,stacy46@hotmail.com,871-528-5969x5394
449,Tiffany Rice,5,71860,2024-09-09,yfitzpatrick@calhoun-heath.net,+1-653-898-3208x856
450,Randy Harper,7,94565,2017-08-01,andrew55@rowe.org,298-528-6550x488
451,Miss Abigail Meyer,6,82587,2016-06-05,joy00@brown.com,037.009.4671x19009
452,Kayla Stevenson,2,105694,2022-08-04,meyerbarbara@hotmail.com,742-225-0000
453,Cory Moore,1,40652,2021-08-12,langjames@gmail.com,+1-763-481-4975x05473
454,Todd Houston,1,99300,2018-02-19,leslie39@beck.net,+1-394-571-7600x91944
455,Kathryn Hill,8,59171,2018-10-06,ljohnson@yahoo.com,(705)449-5468x56668
456,Stephanie Hansen,7,99868,2022-02-17,richardsonjoseph@osborne.biz,(588)743-0842
457,John Stewart,9,61503,2017-07-27,mccormickzachary@davis.com,(602)775-8232x42199
458,Luis Hines,3,115162,2019-02-27,matthew20@scott.com,(565)246-8989x19333
459,Kimberly Wright,6,91011,2020-03-02,michael53@carpenter.info,8135336305
460,Heather Patel,1,94013,2018-04-09,iadams@fletcher.com,(340)002-8923
461,Jessica Brown,8,57366,2019-04-10,elizabethlopez@gmail.com,+1-474-341-7075x9976
462,Michael Davis,6,43923,2020-04-19,tonyadavis@foster.com,251.134.7286x72292
463,Robert Oneal,7,87105,2024-10-23,cindy79@hotmail.com,+1-383-247-5015x2975
464,Kathleen Galvan,3,96946,2020-02-23,jennifer80@faulkner.biz,857-685-5505x227
465,Angel Tanner,7,108188,2023-03-07,awatson@gmail.com,+1-587-084-5009
466,Christine Clark,2,97032,2022-01-23,mavila@yahoo.com,(180)461-1705x69649
467,Amy Williams,5,49784,2022-05-09,jonathankrueger@hotmail.com,9209126865
468,Angela Camacho MD,7,103060,2022-10-24,gary89@gmail.com,+1-393-678-7391
469,Lisa Velez,3,68432,2019-10-10,hernandezandrew@salazar-baker.biz,570-638-7443
470,Rodney Sanchez,2,61376,2022-03-15,stewartjuan@gmail.com,546.395.8009x31534
471,Robert Harris,3,96156,2016-07-10,zachary79@yahoo.com,+1-901-180-6015
472,Dawn Blankenship,4,65825,2015-11-01,blairmartin@perez-perkins.com,001-247-035-6759x359
473,Tanner Martin,9,96249,2021-07-28,jennifer89@sanchez-grant.com,944-699-6804x849
474,John Curry,3,56545,2024-03-09,bethanymiller@johnson.net,716-905-3360x92895
475,Shaun Flores,7,89572,2019-02-28,harrispamela@gmail.com,(497)865-2512
476,Gary Scott,1,51224,2024-12-19,dawn45@wilkinson-villa.info,322.946.3210x46324
477,Kristen Farmer,7,46606,2020-12-29,medinajoseph@yahoo.com,880-277-4747
478,Marissa Ray,9,74104,2017-01-24,timothy85@gmail.com,+1-601-247-0041
479,Jason Adams,6,40292,2021-05-17,abigail58@pollard.net,361.008.9995x81595
480,Sheila Morrison,2,69542,2018-10-10,richard15@yahoo.com,+1-529-139-2314
481,Wesley Tucker,7,115783,2020-01-13,peter85@yahoo.com,301-540-0986x9889
482,Martha Mays,3,114513,2023-02-20,alexis36@vega-stevens.biz,338.980.9992
483,Christina Fernandez,5,45350,2024-10-06,qwhitehead@reyes-garrett.com,001-345-554-4297x53824
484,Jane Larsen,3,60537,2017-10-17,rhondagriffin@turner.net,001-934-763-3409x90049
485,Emily Walker,8,79845,2021-03-06,christopherrichard@smith.com,724-356-8694x628
486,Bridget Gibbs,4,108084,2024-05-18,mariamitchell@gmail.com,498.907.3489
487,Michael Randall,6,53459,2021-02-10,paula13@hughes.com,871.523.2873x57907
488,Gary Scott,2,109550,2015-08-28,cruzsarah@allen.com,(214)669-7213x94191
489,Sarah Michael,3,80335,2021-12-14,padams@carter.com,+1-570-796-5297x935
490,Paul Brady DDS,4,41950,2022-08-03,mendozaray@yahoo.com,(715)977-3061
491,Danielle Kelly,9,59426,2019-07-15,vickigreen@yahoo.com,7564262420
492,Samantha Brown,9,40658,2015-10-15,brendahopkins@yahoo.com,587-488-8016x2436
493,Kimberly Mcbride,1,71788,2018-02-08,hensonandrea@yahoo.com,001-736-335-9360x7732
494,Amber Torres,6,71953,2024-02-12,kristy25@hotmail.com,(546)256-8317
495,Barbara Rowe,6,113683,2022-08-08,timothyrodriguez@hotmail.com,+1-035-919-9169x77977
496,Elizabeth Rollins,7,82917,2016-03-16,ndiaz@patrick.info,+1-524-382-9230x66663
497,Dr. Natalie Reid,5,49349,2015-06-06,martinezmarisa@yahoo.com,(266)047-8883x64458
498,Joseph Cox,4,72276,2016-01-23,brittany62@flores.com,(016)400-7680x596
499,Anthony Chambers,7,70076,2017-05-06,hbrown@robinson.com,2644871764
500,Holly Holt,5,67537,2024-10-25,donna00@yahoo.com,779-488-7938x0231
